{
    "eval_loss": 1.493561863899231,
    "eval_model_preparation_time": 0.0011,
    "eval_accuracy": 0.8706395348837209,
    "eval_precision": 0.9806949806949807,
    "eval_recall": 0.7514792899408284,
    "eval_f1": 0.8509212730318257,
    "eval_runtime": 3.6084,
    "eval_samples_per_second": 190.664,
    "eval_steps_per_second": 11.916
}