{
    "eval_loss": 0.0324743427336216,
    "eval_model_preparation_time": 0.0007,
    "eval_accuracy": 0.995,
    "eval_precision": 0.9921259842519685,
    "eval_recall": 0.998019801980198,
    "eval_f1": 0.9950641658440277,
    "eval_runtime": 5.0311,
    "eval_samples_per_second": 198.765,
    "eval_steps_per_second": 12.522
}